Email,Name
subratagoraiscience@gmail.com,SUBRATA GORAI
sudiptapal2723@gmail.com,Sudipta Pal
kumarsujeet1697@gmail.com,Sujeet Kumar
kumarsujeet1697@gmail.com,Sujeet Kumar
sumankumarprasad16@gmail.com,SUMAN KUMAR PRASAD
sumankumarprasad16@gmail.com,SUMAN KUMAR PRASAD
sumn238@gmail.com,SUMAN MONDAL
sumn238@gmail.com,SUMAN MONDAL
sumit345.mit@gmail.com,Sumit Mahato
sumit345.mit@gmail.com,Sumit Mahato
sumitrajsingh978@gmail.com,Sumit Raj Singh
rsunainakumari@gmail.com,Sunaina Kumari Hella
rsunainakumari@gmail.com,Sunaina Kumari Hella
supradipdas02@gmail.com,SUPRADIP DAS
supradipdas02@gmail.com,SUPRADIP DAS
supradipdas02@gmail.com,SUPRADIP DAS
supriyokundu04@gmail.com,Supriyo Kundu
supriyokundu04@gmail.com,Supriyo Kundu
surabhikumari200012@gmail.com,Surabhi kumari
surabhikumari200012@gmail.com,Surabhi Kumari
surajchowhan215@gmail.com,SURAJ CHOWHAN
suryadeepsen111@gmail.com,SURYADEEP SEN
suryadeepsen111@gmail.com,SURYADEEP SEN
swarup29aeccse@gmail.com,Swarup Bit
dasswattikadra@gmail.com,Swattik Das
dasswattikadra@gmail.com,Swattik Das
alsahafalam2000@gmail.com,SYED ALSAHAF ALAM
th3443618@gmail.com,TANVEER HUSSAIN
tanyalal2002@gmail.com,Tanya Lal
balltarun28@gmail.com,Tarun Ball
tishan.koleh@gmail.com,TISHAN KOLEH
triaamohanto02965@gmail.com,Triaa Mohanto
triaamohanto02965@gmail.com,Triaa Mohanto
trishakumari202@gmail.com,Trisha Kumari
trishakumari202@gmail.com,Trisha Kumari
udhavivermajais@gmail.com,Udhavi verma
ujjwalkumar7438@gmail.com,Ujjwal Kumar Das 
vaishnavi14aeccse@gmail.com,Vaishnavi Ranjan
vansikamittal695@gmail.com,Vansika Mittal
vertikagupta8122000@gmail.com,Vartika
vikashgupta1234x@gmail.com,Vikas Kumar das
vikkshdotsoni@gmail.com,Vikash Kumar Soni
vermavivek951@gmail.com,Vivek Verma
vermavivek951@gmail.com,Vivek Verma
vermavivek951@gmail.com,Vivek Verma
arpitamukherjee2408@gmail.com,Arpita Mukherjee
weishan247@gmail.com,Subhadeep Chakraborty
satyamkryd@gmail.com,Satyam Kumar
1abhinav2no.1@gmail.com,Abhinav Kumar Srivastav 
aishwaryaghosh67@gmail.com,Aishwarya Ghosh 
akashy0524@gmail.com,Akash yadav
amanknt0701@gmail.com,Aman Khan
amanknt0701@gmail.com,Aman Khan
amitsinghdbg2001@gmail.com,AMIT KUMAR SINGH 
amitk191147@gmail.com,AMIT PRASAD
ananyapandey85790@gmail.com,Ananya
ananyapandey85790@gmail.com,Ananya 
Anikchatterjee1560@gmail.com,ANIK CHATTERJEE 
ankankolay17@gmail.com,Ankan Kolay
asosingh0@gmail.com,Ankit Kumar singh 
asosingh0@gmail.com,Ankit Kumar singh 
arnabmaitra11@gmail.com,Arnab Maitra 
arnabmaitra11@gmail.com,Arnab Maitra 
arnabmukherjee2122@gmail.com,Arnab Mukherjee
arpitasarkar611@gmail.com,Arpita Sarkar 
ayanbaksi2002@gmail.com,Ayan Baksi
ayandutta936@gmail.com,Ayan Dutta
ayandutta936@gmail.com,Ayan Dutta
baisakhimahata12@gmail.com,Baisakhi Mahata
dishamahata7478@gmail.com,Baisakhi Mahata 
dishamahata7478@gmail.com,Baisakhi Mahata 
birendravivoz1pro@gmail.com,Birendra Yadav 
birendrarealme@gmail.com,Birendra Yadav 
birendrarealme@gmail.com,Birendra Yadav 
bittudutta966@gmail.com,CHANDAN DUTTA 
chandan138kumar@gmail.com,Chandan Kumar Mandal 
yadavdipak247@gmail.com,Dipak Kumar Yadav 
dipankarcrjwork@gmail.com,DIPANKAR MITRA 
choudharygoutam100@gmail.com,GOUTAM CHOUDHARY 
himanshusudarshan5758@gmail.com,Himanshu Sudarshan 
jasprit308@gmail.com,Jasprit kaur
kanchansarkar400@gmail.com,Kanchan Sarkar 
kanchansarkar400@gmail.com,Kanchan Sarkar 
kunalbuntyraj1501@gmail.com,Kunal Raj 
mkdebit027@gmail.com,Manish Kumar 
mg8552638@gmail.com,Manish Kumar 
atifls124@gmail.com,MD ATIF HUSSAIN
kng8016056827@gmail.com,MD Masum Ansari 
sohailkhn4786@gmail.com,MD SOHAIL KHAN 
sohailkhn4786@gmail.com,MD SOHAIL KHAN 
asif682001@gmail.com,Md. Asif Iqbal 
asif682001@gmail.com,Md. Asif Iqbal 
neeli09aeccse@gmail.com,Neeli Kumari 
poulami320@gmail.com,Poulami Mitra
poulami320@gmail.com,Poulami Mitra
priyankasahu1428@gmail.com,Priyanka Sahu
sarenpurbasha30@gmail.com,Purbasha Saren
rjthakur402@gmail.com,Rajat Thakur 
ritik21aeccse@gmail.com,Ritik Kumar 
saharupsha2001@gmail.com,Rupsha Saha
misrasampriti@gmail.com,Sampriti Misra 
kumarisanjana868@gmail.com,Sanjana Kumari 
kumarisanjana868@gmail.com,SANJANA KUMARI 
kumarisanjana868@gmail.com,SANJANA KUMARI 
sanjoychakraborty1034@gmail.com,Sanjoy Chakraborty
Santanughosal2016@gmail.com,Santanu Ghosal 
sauravpriyadarshi4@gmail.com,Saurav Priyadarshi 
sayansgasn@gmail.com,Sayan Ghosh
sayani.banerjee307@gmail.com,Sayani Banerjee 
sayantanimozumdar@gmail.com,Sayantani Mozumdar 
sayantanimozumdar@gmail.com,Sayantani Mozumdar 
shalinisingh231198@gmail.com,Shalini Singh
shipradasjmt@gmail.com,Shipra Das 
shipradasjmt@gmail.com,Shipra Das 
shresthathakur723@gmail.com,SHRESTHA THAKUR
shreyaseeghosh7498@gmail.com,Shreyasee Ghosh 
shreyoshimishra0769@gmail.com,Shreyoshi Mishra 
shubhadeepdgp99@gmail.com,Shubhadeep Mukherjee 
siddhartha.ukh@gmail.com,Siddhartha Chakraborty
siimrankumari29@gmail.com,Simran kumari 
skayub2205@gmail.com,SK AYUB
smriti.sengupta03@gmail.com,Smriti sengupta 
sohamchatterjee06@gmail.com,SOHAM CHATTERJEE 
sohamchatterjee06@gmail.com,SOHAM CHATTERJEE 
som1honey.sb@gmail.com,Somnath Banerjee
souravaecece@gmail.com,Sourav Roy 
souravaecece@gmail.com,Sourav Roy 
souravsingh5757@gmail.com,Sourav singh
sourindey.r@gmail.com,Sourin Dey
kingsubhajit99@gmail.com,SUBHAJIT CHATTERJEE 
rickmukherje2016@gmail.com,Subhrajit Mukherjee 
subhrajyotipal2016@gmail.com,Subhrajyoti Pal
sudarshanlahiri5@gmail.com,Sudarshan Lahiri 
mihirachariya134@gmail.com,Sumit  Kumar Mihirachariya
sunandayadav191@gmail.com,Sunanda Yadav 
yadavsunanda430@gmail.com,Sunanda Yadav 
sushant07kumar05@gmail.com,Sushant kumar 
mukherjeesusmita805@gmail.com,Susmita Mukherjee 
mukherjeesusmita805@gmail.com,Susmita Mukherjee 
swaraj.btps@gmail.com,Swaraj Krishna Mondal 
swaraj.btps@gmail.com,Swaraj Krishna Mondal 
uddipta2001.ud123@gmail.com,UDDIPTA DAS 
upama20112002@gmail.com,Upama Mukhopadhyay 
upama20112002@gmail.com,Upama Mukhopadhyay 
upama20112002@gmail.com,Upama Mukhopadhyay 
uzma825102@gmail.com,Uzma Rashid 
vishalkumarprasad8@gmail.com,Vishal kumar Prasad 
virazkumaryadav4192@gmail.com,VIJAY KUMAR YADAV
mukundanand29@gmail.com,Mukund Anand
animeshmahato298@gmail.com,Animesh Kumar Mahato
animeshmahato298@gmail.com,Animesh Kumar Mahato
animeshmahato298@gmail.com,Animesh Kumar Mahato
sanjibkumarmukho1975@gmail.com,SHINJON MUKHERJEE
srikantsen131@gmail.com,Srikant Sen
amankr30aeccse@gmail.com,Aman Kumar 
danishhaidar2002@gmail.com,DANISH HAIDAR
ritikanand066@gmail.com,Ritik Anand
dsoumik095@gmail.com,SOUMIK DAS
ashishbiswakarma6@gmail.com,Ashish Biswakarma
ashishbiswakarma6@gmail.com,Ashish Biswakarma
amandey688@gmail.com,Aman Dey
amandey688@gmail.com,Aman Dey
amandey688@gmail.com,Aman Dey
afshananwar21@gmail.com,Afshan Anwar
afshananwar21@gmail.com,Afshan Anwar
ashutoshmondal698@gmail.com,Ashutosh Mondal
manidebo9699@gmail.com,DEBAPRIYA MANDAL
manasmondalpur@gmail.com,Manas Maji
mdarbaza72@gmail.com,Md Arbaz Ansari
subhradeepgorai91@gmail.com,SUBHRADEEP GORAI
2002swasti@gmail.com,SWASTIBRATA BANERJEE
duttaguptaarijit06@gmail.com,Arijit dutta gupta 
mondaldolanbhara@gmail.com,Dolan Mondal 
sanjoypal074@gmail.com,Sanjoy Pal
itsrajutiwari@gmail.com,Ashish Raj
sreeyade23@gmail.com,Jahnavi Bohra
sanyasingh990@gmail.com,Sanya Singh
kuntalpaul58188@gmail.com,Kuntal Paul
shilpipal04012001@gmail.com,Shilpi pal
apal54175@gmail.com,Udayan Panja
wrishikabhattacharya12@gmail.com,Wrishika Bhattacharya
wrishikabhattacharya12@gmail.com,Wrishika Bhattacharya
anushree.saha.2000@gmail.com,Anushree Saha 
anushree.saha.2000@gmail.com,Anushree Saha 
ghorai.soumyadip33@gmail.com,Soumyadip Ghorai
ghorai.soumyadip33@gmail.com,Soumyadip Ghorai
vinay.r0918@gmail.com,R Vinay
vinay.r0918@gmail.com,R Vinay
contact.aditya17@gmail.com,Aditya Sharma
avijitchatterjee542@gmail.com,Avijit Chatterjee
sangeethag040701@gmail.com,Sangeetha.g
mondalankan71@gmail.com,Ankan Mondal
debanjalibera26@gmail.com,Debanjali Bera
shadahmad881@gmail.com,Shad ahmad
abhaykumartiwari770@gmail.com,Abhay Tiwari
sriparnasona2002@gmail.com,SRIPARNA LAHA
chakrabortyabhijit425@gmail.com,Abhijit chakraborty
keshariaditya90@gmail.com,Aditya Keshari
basakanumita@gmail.com,ANUMITA BASAK
basakanumita@gmail.com,ANUMITA BASAK
basakanumita@gmail.com,ANUMITA BASAK
arkosen27@gmail.com,Arko Sen
debajyoti.rc2000@gmail.com,Debajyoti Roy Chowdhury
hrishabhmukherjee08@gmail.com,Hrishabh Mukherjee
jagdeepa1047@gmail.com,JAGDEEP KUMAR MAHTO 
adarshbhgt8@gmail.com,Adarsh Bhagat 
kaustav.cse222249@bppimt.ac.in,KAUSTAV SARKAR 
piyushkumarsingh020@gmail.com,PIYUSH KUMAR SINGH
akashdasdon20@gmail.com,AKASH DAS
akashdasdon20@gmail.com,AKASH DAS
akashdasdon20@gmail.com,AKASH DAS
sandhyasingh2059@gmail.com,Sandhya singh
sandhyasingh2059@gmail.com,Sandhya Singh
sandhyasingh2059@gmail.com,Sandhya Singh
sandhyasingh2059@gmail.com,Sandhya Singh
sandhyasingh2059@gmail.com,Sandhya Singh
adnandevilliers003@gmail.com,Adnan Sohail Ansari
ankitadazzling85@gmail.com,ANKITA SARKAR
ghosharjun470@gmail.com,Arjun Ghosh
soudeepghosh7@gmail.com,SOUDEEP GHOSH
soudeepghosh7@gmail.com,SOUDEEP GHOSH
sudipakoner492@gmail.com,Sudipa Koner
abirghoshmarch1999@gmail.com,ABIR GHOSH
aditijana180202@gmail.com,Aditi Jana
amit26403@gmail.com,Amit kumar
arijit.ece222312@bppimt.ac.in,Arijit Dhali
arijit.ece320078@bppimt.ac.in,Arijit Dhali
arijitsasmal321@gmail.com,ARIJIT SASMAL
chakrabortyarkaprabha998@gmail.com,Arkaprabha Chakraborty
bijayamandal2001@gmail.com,Bijaya Mandal 
buddhadeb.ece320064@bppimt.ac.in,BUDDHADEB DAS
ipsita.cse222241@bppimt.ac.in,Ipsita Raha
minarva.das92@gmail.com,Minarva Das
minuy2295@gmail.com,MINU KUMARI
agarwal09muskan@gmail.com,Muskan Agarwal
mr.narendranathpanda@gmail.com,Narendra Nath Panda
nehajana01022001@gmail.com,Neha Jana
nehajana01022001@gmail.com,Neha Jana
pratyayamrit1234567890@gmail.com,Pratyay Amrit
rohitmehra1702@gmail.com,Rohit kumar
basakrumela2000@gmail.com,Rumela Basak
basakrumela2000@gmail.com,Rumela Basak
saptarshi.ece320096@bppimt.ac.in,Saptarshi Chakraborty
sayan.ece222360@bppimt.ac.in,SAYAN NAYEK
sid1951ch@gmail.com,SIDDHARTHA CHAKRABORTY
uttarak.singha@yahoo.in,Uttarak Singha
arijitsasmal321@gmail.com,ARIJIT SASMAL
antragupta0804@gmail.com,Antra Gupta
balaram.7872roy@gmail.com,Balaram Roy 
bijayamandal2001@gmail.com,Bijaya Mandal 
bijayamandal2001@gmail.com,Bijaya Mandal 
paragkeshardas360@gmail.com,Parag Keshar Das 
pretharima@gmail.com,Ritika Mandal
dipchandghosh02@gmail.com,Dip Chand Ghosh
sampritisarkar014@gmail.com,Sampriti Sarkar
ananyakvs2017@gmail.com,Ananya arya
ananyakvs2017@gmail.com,Ananya arya
abhidgp440@gmail.com,Abhishek Ghosh
roya79530@gmail.com,ANIKET SINGHA ROY 
Ashokkumarmurmu2310@gmail.com,Ashok kumar murmu
Ashokkumarmurmu2310@gmail.com,Ashok kumar murmu
anirud2016@gmail.com,ANIRUDDHA GOSWAMI
arnab1853@gmail.com,ARNAB MONDAL
nabinkumardas69236@gmail.com,Nabin Kumar  Das
sourav.bwn1@gmail.com,sourav das
mushkansharma1803@gmail.com,Mushkan
rppandey9798@gmail.com,Dolly Kumari
rppandey9798@gmail.com,Dolly Kumari
shyamabhishek2000@gmail.com,ABHISHEK SHYAM
adityarajharsh52@gmail.com,Aditya Raj harsh
adityarajharsh52@gmail.com,Aditya Raj harsh
ranjeetbabu2002@gmail.com,RANJEET KUMAR MANDAL
itzzshuvo56@gmail.com,SHUBHADEEP KUNDU
rajugorai3101@gmail.com,Raju Gorai
subhadeep1311@gmail.com,Subhadeep Acharjee
soujyotikarmakar1997@gmail.com,SOUJYOTI KARMAKAR
avi712410@gmail.com,Avishek Bhattacharjee
pradyumanrana7239@gmail.com,Pradyuman kumar 
pradyumanrana7239@gmail.com,Pradyuman kumar 
pradyumanrana7239@gmail.com,Pradyuman kumar 
aniketsharmaofficial02@gmail.com,Aniket Kumar Sharma
prasadanurag452@gmail.com,Anurag Prasad
adey2860@gmail.com,Avijit Dey
baibhavbhowmick@gmail.com,BAIBHAV BHOWMICK
hdaripa007@gmail.com,HARSHAJIT DARIPA
niketkumar413@gmail.com,NIKET KUMAR
shreyab1002@gmail.com,Shreya Bhattacharya
srksubhashkumar0901@gmail.com,SUBHASH KUMAR
suhasghosh230@gmail.com,Suhas Ghosh
tarunmahato2001@gmail.com,TARUN KUMAR MAHATO
niketkumar413@gmail.com,NIKET KUMAR
hdaripa007@gmail.com,HARSHAJIT DARIPA
debashisj081100@gmail.com,Debashis Jana
adityakumar1st7400@gmail.com,Aditya Kumar
abhilasha.ece222301@bppimt.ac.in,Abhilasha kumari
abhilasha.ece320085@bppimt.ac.in,Abhilasha kumari
adarsh.ece222303@bppimt.co.in,Adarsh Thakur
aindrila.ece222306@bppimt.ac.in,Aindrila Sarkar
aindrila.ece222306@bppimt.ac.in,Aindrila Sarkar
girianiruddha4@gmail.com,ANIRUDDHA  GIRI
girianiruddha4@gmail.com,ANIRUDDHA  GIRI
aryan4p130202@gmail.com,Aryan Shaw
avishikta.ece222319@bppimt.ac.in,Avishikta Muhury
ayanpaul728@gmail.com,Ayan Paul
deveshkumarmishra4444@gmail.com,Devesh Kumar Mishra
dipchandghosh02@gmail.com,Dip Chand Ghosh
ishikaofc.jaiswal@gmail.com,Ishika jaiswal
ishikaofc.jaiswal@gmail.com,Ishika jaiswal
kathika.cse120052@bppimt.ac.in,Kathika Sanyal
mookul294@gmail.com,Mookul Paul
chakraborty.sub88@gmail.com,Subhranil Chakraborty
chiranjeeb.ece222322@bppimt.ac.in,Chiranjeeb Halder 
barikpramita4@gmail.com,Pramita Barik
Susmita1993poddar@gmail.com,Susmita Poddar
adarsh.ece320010@bppimt.ac.in,Adarsh Thakur
hrishabhmukherjee08@gmail.com,Hrishabh Mukherjee
arin.ece319053@bppimt.ac.in,Arin Banerjee
iarinbanerjee@gmail.com,Arin Banerjee
iarinbanerjee@gmail.com,Arin Banerjee
niladri2000biswas@gmail.com,Niladri Biswas
rajashri.rajashri1980@gmail.com,Rajashri Banerjee
rajashri.rajashri1980@gmail.com,Rajashri Banerjee
adarsh.ece222303@bppimt.co.in,Adarsh Thakur
adarsh.ece222303@bppimt.ac.in,Adarsh Thakur
basuhana01@gmail.com,Ahana Basu
basuhana01@gmail.com,Ahana Basu
thisisahana11@gmail.com,Ahana Basu
thisisahana11@gmail.com,Ahana Basu
basuhana01@gmail.com,Ahana Basu
basuhana01@gmail.com,Ahana Basu
basuhana01@gmail.com,Ahana Basu
basuhana01@gmail.com,Ahana Basu
basuhana01@gmail.com,Ahana Basu
basuhana01@gmail.com,Ahana Basu
basuhana01@gmail.com,Ahana Basu
ankit.banerjee2019@gmail.com,Ankit Banerjee
anubhav.cse222212@bppimt.ac.in,Anubhav Sharma
arijittbanerjee007@gmail.com,ARIJIT BANERJEE
ayanpaul728@gmail.com,Ayan Paul
buddhadeb.ece222321@bppimt.ac.in,Buddhadeb Das
debarghyamukherjee2@gmail.com,Debarghya Mukherjee
deveshkumarmishra4444@gmail.com,Devesh Kumar Mishra
dhananjay.it222419@bppimt.ac.in,Dhananjay Gope
dhananjay.it222419@bppimt.ac.in,Dhananjay gope
dibyendu.ece222325@bppimt.ac.in,Dibyendu Banik
lucky.cse222253@bppimt.ac.in,LUCKY SAW
lucky.cse222253@bppimt.ac.in,LUCKY SAW
lucky.cse222253@bppimt.ac.in,LUCKY SAW
samimmohammad.31@gmail.com,MOHAMMAD SAMIM
moumitabasak272@gmail.com,MOUMITA BASAK
moumitabasak272@gmail.com,MOUMITA BASAK
mrigankabrahma222@gmail.com,Mriganka Brahma
mrigankabrahma222@gmail.com,Mriganka Brahma
nabakumarjana111@gmail.com,Nabakumar Jana
niladrighosh19082002@gmail.com,Niladri Ghosh
nilanjansaha2580@gmail.com,Nilanjan Saha
oindri.ece319102@bppimt.ac.in,Oindri Saha
prince16216120kumar@gmail.com,Prince kumar
voidmain2001@gmail.com,Pritam De
tanmoydas407@gmail.com,Samrat Ganguly
singhshivamkumar17@gmail.com,Shivam Kumar Singh
singhshivamkumar17@gmail.com,Shivam Kumar Singh
shivanimehta605@gmail.com,Shivani Kumari Mehta
timetravelersgroup@gmail.com,Shoham Dey Sarkar
shreyatushi@gmail.com,Shreya Chakraborty
b22abi@gmail.com,Shruti Dutta
snehajana01022001@gmail.com,Sneha Jana
nayek.sourav18@gmail.com,SOURAV NAYEK
nayek.sourav18@gmail.com,SOURAV NAYEK
sutanika.ece222379@bppimt.ac.in,Sutanika Nandi
urshitasamajpati@gmail.com,Urshita Samajpaty
uttarak.cse2222122@bppimt.ac.in,Uttarak Singha
nayek.sourav18@gmail.com,SOURAV NAYEK
antragupta0804@gmail.com,Antra Gupta 
kunaleb20@gmail.com,Kunal Saha
krineha440@gmail.com,Neha Raj
krineha440@gmail.com,Neha Raj
neha.cse120062@bppimt.ac.in,Neha Raj 
neha.cse120062@bppimt.ac.in,Neha Raj 
duttap463@gmail.com,PRIYOBRATA DUTTA 
sunetraray0@gmail.com,Sunetra Ray 
sunetraray0@gmail.com,Sunetra Ray 
krishuinbox12@gmail.com,VICKY SINGH
iishi.pandit@gmail.com,Isshi Sarkar
snehajana01022001@gmail.com,Sneha Jana
dipanwita3018@gmail.com,Dipanwita Das
soumyaghoshghosh2158@gmail.com,Soumya Ghosh
ankita.ece222310@bppimt.ac.in,Ankita  Das
ankita.ece222310@bppimt.ac.in,Ankita Das
ankitadazzling85@gmail.com,ANKITA SARKAR
kuheli.cb@gmail.com,Kuheli Banik
kuheli.cb@gmail.com,KUHELI BANIK
kuheli.cb@gmail.com,KUHELI BANIK
niladri2000biswas@gmail.com,Niladri Biswas
dasahamika2018@gmail.com,AHAMIKA DAS
ankita.ece320079@bppimt.ac.in,Ankita Das
agrika2001@gmail.com,AGRIKA GUPTA
agrika2001@gmail.com,AGRIKA GUPTA
beingakscool@gmail.com,Akashdeep Bhattacharya
ankanghosh2306@gmail.com,Ankan Ghosh
anuska.ece222311@bppimt.ac.in,Ankita Das
anuska.ece222311@bppimt.ac.in,Anuska Das
anuska.ece320065@bppimt.ac.in,Anuska Das
anuskadutta2002@gmail.com,Anuska Dutta
aindammaiti2018@gmail.com,Arindam Maiti
aindammaiti2018@gmail.com,Arindam Maiti
arjumand1597@gmail.com,Arjumand Jamal
arnab.ece320075@bppimt.ac.in,Arnab Paul
santiagoarnab07@gmail.com,ARNAB PODDER
baban.ayan01@gmail.com,ayan chakraborty
baban.ayan01@gmail.com,ayan chakraborty
ayan.ece320073@bppimt.ac.in,Ayan Das
pathakchayan20@gmail.com,Chayan pathak
debankakhan926@gmail.com,DEBANKA KHAN
debopriyorik@gmail.com,Debapriya Dutta
debjita.mondal@gmail.com,Debjita Mondal
debjita.inbox@gmail.com,Debjita Mondal
debjita.mondal@gmail.com,Debjita Mondal
debjita.mondal@gmail.com,Debjita Mondal
debjita.mondal@gmail.com,Debjita Mondal
debjita.mondal@gmail.com,Debjita Mondal
deeoroy1997@gmail.com,DEEP ROY
dibyendu.ece320062@bppimt.ac.in,Dibyendu Banik
ipsita.cse120054@bppimt.ac.in,Ipsita Raha
kanchantantubay09@gmail.com,KANCHAN TANTUBAY
kanchantantubay09@gmail.com,KANCHAN TANTUBAY
daskoushik881@gmail.com,Koushik Das
daskoushik881@gmail.com,KOUSHIK DAS
firozsaif01@gmail.com,Md Shams Firoz
meghatripathy58@gmail.com,Megha Kumari
parthapratim568@gmail.com,Partha Pratim Ganguly
poojasarkar359@gmail.com,Pooja Sarkar
poulami.kv@gmail.com,Poulami Mandal 
pjkri33@gmail.com,Puja kumari
randritas@gmail.com,Randrita Sarkar 
reetamdutta1@gmail.com,Reetam Dutta
rjha6695@gmail.com,ROHIT JHA
sayandeepsaha078@gmail.com,Sayandeep Saha
shreyasarkar0002@gmail.com,Shreya Sarkar
nandisoham2017@gmail.com,Soham Nandi
nayek.sourav18@gmail.com,SOURAV NAYEK
sudeepasaha2001@gmail.com,Sudeepa Saha
utsab12345dutta@gmail.com,Utsab Dutta
nandandebanjana@gmail.com,Debanjana Nandan 
bairagihitartha@gmail.com,Hitartha Bairagi 
bairagihitartha@gmail.com,Hitartha Bairagi 
megha.ece222338@bppimt.ac.in,Megha Dewanjee
sudeepsaha1999@gmail.com,Sudeep Saha
sukkanyabasakk12@gmail.com,SUKANYA BASAK 
sukkanyabasakk12@gmail.com,SUKANYA BASAK 
dipanwita.cse222235@bppimt.ac.in,Dipanwita Das
ashmi.ece222317@bppimt.ac.in,Ashmi Ghosh
ashmi.ece222317@bppimt.ac.in,Ashmi Ghosh
gudiamahansaria@gmail.com,Vanshika Mahansaria
carpita717@gmail.com,Arpita Chakraborty 
mayanksingla1410@gmail.com,Mayank Aggarwal
mayanksingla1410@gmail.com,Mayank Aggarwal
singhtejveer52@gmail.com,Gurtejveer Singh
singhtejveer52@gmail.com,Gurtejveer Singh
singhbaibhav73@gmail.com,BAIBHAV SINGH
subha7077864990giri@gmail.com,Subhalaxmi Giri
subha7077864990giri@gmail.com,Subhalaxmi Giri
himanshubehera73@gmail.com,Himansu Behera
himanshubehera73@gmail.com,Himansu Behera
pinakinandanpattanayak@gmail.com,Pinaki Nandan Pattanayak
pinakinandanpattanayak@gmail.com,Pinaki Nandan Pattanayak
rani.tiwary.7180@gmail.com,Rani Kumari
rani.tiwary.7180@gmail.com,Rani Kumari
rani.tiwary.7180@gmail.com,Rani Kumari
ritismitapatra@gmail.com,Ritismita Patra
ritismitapatra@gmail.com,Ritismita Patra
ritismitapatra@gmail.com,Ritismita Patra
ritismitapatra@gmail.com,Ritismita Patra
www.girijasankarnayak12345@gmail.com,Girijasankar Nayak 
www.girijasankarnayak12345@gmail.com,Girijasankar Nayak 
abhipsadash03@gmail.com,Abhipsa Dash
abhipsadash03@gmail.com,Abhipsa Dash
anishadashs827@gmail.com,Anisha Dash
anishadashs827@gmail.com,Anisha Dash
pritiranjanghadei369@gmail.com,Priti Ranjan Ghadei
pritiranjanghadei369@gmail.com,Priti Ranjan Ghadei
tejalkumari30032001@gmail.com,Tejal Kumari
nimisha5720jha@gmail.com,Nimisha Jha
nimisha5720jha@gmail.com,Nimisha Jha
nimisha5720jha@gmail.com,Nimisha Jha 
nimisha5720jha@gmail.com,Nimisha Jha 
dewashishkumar1234@gmail.com,Dewashish Kumar
kumarijagriti1357@gmail.com,Jagriti Kumari
alka.paswan201@gmail.com,Alka Nandani Paswan
alka.paswan201@gmail.com,Alka Nandani Paswan
alka.paswan201@gmail.com,Alka Nandani Paswan
alka.paswan201@gmail.com,Alka Nandani Paswan
saswataghatak1126@gmail.com,Saswata Ghatak