Email,Name
mayanksuraj09@gmail.com,Mayank Raj
mdnumanraza6682@gamil.com,MD NOMAN RAZA
kabirpramanik.ece2020@nsec.ac.in,KABIR PRAMANIK
biswas8391@gmail.com,Manas Biswas
anupamkoner555@gmail.com,Anupam Koner
barsha03072002@gmail.com,Barsha Ghosh
meghakv59@gmail.com,MEGHA
proloyhazra2015@gmail.com,PROLOY HAZRA
yankriti21@gmail.com,Yankriti kumari
jaysmitabiswas334@gmail.com,Jaysmita Biswas
pervezaslam.0078662@gmail.com,Md Aslam Pervez
ritikajaiswal512@gmail.com,RitikaJaiswal
priyanshukumar3376@gmail.com,Priyanshu Kumar Pandey
subhamoykolya@gmail.com,Subhamoy Kolya
rupam.ece320071@bppimt.ac.in,Rupam Dey
shubhamshankar97@gmail.com,Shubham Shankar
princy.sinha064@gmail.com,Arya Princy
jaideepmandal022@gmail.com,JAIDEEP MANDAL
shovanghosh333@gmail.com,SHOVAN SUNDAR GHOSH
sy78539@gmail.com,SHIVAM YADAV
sy78539@gmail.com,SHIVAM YADAV
sy78539@gmail.com,SHIVAM YADAV
sy78539@gmail.com,SHIVAM YADAV
anajkhan12@gmail.com,MD ANAJ KHAN
arijitsanki13@gmail.com,Arijit Sanki
sathi2002banerjee@gmail.com,Sathi Banerjee
sathi2002banerjee@gmail.com,Sathi Banerjee
1929111@kiit.ac.in,Shyamoli
abhinabamandal002.hitche@gmail.com,Abhinaba Mandal
subhadeepc98@gmail.com,SUBHASISH CHAKRABORTY
subhadeepc98@gmail.com,SUBHASISH CHAKRABORTY
subhadeepc98@gmail.com,SUBHASISH CHAKRABORTY
subhadeepc98@gmail.com,SUBHASISH CHAKRABORTY
subhadeepc98@gmail.com,SUBHASISH CHAKRABORTY
choudharyshalu2023@gmail.com,Shalu kumari
duttapritam479@gmail.com,PRITAM DUTTA
vermamayank00555@gmail.com,Mayank Verma
vermamayank00555@gmail.com,Mayank Verma
poulami320@gmail.com,Poulami Mitra
ankita13901@gmail.com,Ankita
ankita13901@gmail.com,Ankita
moumitamaji8918@gmail.com,Moumita Maji
shaibalkrpathak870@gmail.com,Shaibal Kumar pathak
snigdhachakraborty444@gmail.com,Snigdha chakraborty
snigdhachakraborty444@gmail.com,Snigdha chakraborty
souravkumar62000@gmail.com,Sourav kumar
Shrutirathi921@gmail.com,Shruti Rathi
Anindagoswami713405@gmail.com,ANINDA GOSWAMI
paldj.1995@gmail.com,DEBJYOTI PAL
paldj.1995@gmail.com,DEBJYOTI PAL
1901094@kiit.ac.in,Abdul Baset Mohammadi
1901094@kiit.ac.in,Abdul Baset Mohammadi
rakibshaikh181@gmail.com,Abdur Rakib Shaikh
akshatkumar2406@gmail.com,Akshat Kumar
akshatkumar2406@gmail.com,Akshat Kumar
ranuradha075@gmail.com,Anuradha Rana
ranuradha075@gmail.com,Anuradha Rana
ranuradha075@gmail.com,Anuradha Rana
ranuradha075@gmail.com,Anuradha Rana
abhishek.agarwal@aot.edu.in,Abhishek Agarwal
abhishek.agarwal@aot.edu.in,Abhishek Agarwal
abhrajit.das@aot.edu.in,Abhrajit Das
abhrajit.das@aot.edu.in,Abhrajit Das
aditya.kr.chowdhury@gmail.com,Aditya Kumar Chowdhury
aishidey2@gmail.com,Aishi Dey
aniket.lodh@aot.edu.in,Aniket Lodh
aniket.lodh@aot.edu.in,Aniket Lodh
chowdhuryanindita2050@gmail.com,Anindita Chowdhury
anirban1.chatterjee@aot.edu.in,Anirban Chatterjee
anirban1.chatterjee@aot.edu.in,Anirban Chatterjee
ghoraianirban99@gmail.com,Anirban Ghorai
anuj1.kumarmishra@aot.edu.in,Anuj Kumar Mishra
arghya07sinha@gmail.com,Arghyadeep Sinha
arijitece01@gmail.com,Arijit Chatterjee
arijit2.das@aot.edu.in,Arijit Das
arindamg294@gmail.com,ARINDAM GHOSH
arnabrupam2001@gmail.com,Arnab Bandyopadhyay
simencearnab@gmail.com,Arnab Ghosh
simencearnab@gmail.com,Arnab Ghosh
arpandebnath2001@gmail.com,ARPAN DEBNATH
arunava.das@aot.edu.in,Arunava Das
arunava.das@aot.edu.in,Arunava Das
arupbasak0598@gimal.com,Arup basak
arupbasak0598@gimal.com,Arup basak
aryan.anand@aot.edu.in,Aryan Anand
aryan.anand@aot.edu.in,Aryan Anand
bibaswan.kundu@aot.edu.in,Bibaswan Kundu
bibaswan.kundu@aot.edu.in,Bibaswan Kundu
sen.bishalmalda@gmail.com,BISHAL SEN
sen.bishalmalda@gmail.com,BISHAL SEN
biswajit.ghosh@aot.edu.in,Biswajit Ghosh
biswajit.ghosh@aot.edu.in,Biswajit Ghosh
dasbodhi2000@gmail.com,Bodhisattwa Das
debadyuti.banerjee@aot.edu.in,Debadyuti Banerjee
debojyoti.ghosg@aot.edu.in,Debojyoti Ghosh
debraj.ghosh@aot.edu.in,Debraj Ghosh
gkair1904@gmail.com,Gurmeet Kaur
harsh.vardhansingh@aot.edu.in,Harsh Vardhan Singh
harsh.vardhansingh@aot.edu.in,Harsh Vardhan Singh
harshaagrwal2@gmail.com,Harsha Agarwal
harshaagrwal2@gmail.com,Harsha Agarwal
himangshu.hazra1998@gmail.com,Himangshu Hazra
scientistjishan@gmail.com,Jishan Bhattacharya
scientistjishan@gmail.com,Jishan Bhattacharya
paulkrishanu4@gmail.com,KRISHANU PAUL
md.masoomrahi@aot.edu.in,Masoom Rahi
md.masoomrahi@aot.edu.in,Masoom Rahi
milan.kantihudait@aot.edu.in,Milan Kanti Hudait
milan.kantihudait@aot.edu.in,Milan Kanti Hudait
sidharthnayan2001@gmail.com,NAYAN MAHATA
nirmalya.pramanik@aot.edu.in,Nirmalya Pramanik
nirmalyapramanik10@gmail.com,Nirmalya Pramanik
nishanmal091@gmail.com,Nishan Mal
oishik.bandyopadhyay.20@aot.edu.in,OISHIK BANDYOPADHYAY
oishik.bandyopadhyay.20@aot.edu.in,OISHIK BANDYOPADHYAY
padmanabha.chakraborty@aot.edu.in,Padmanabha Chakraborty
padmanabha.chakraborty@aot.edu.in,Padmanabha Chakraborty
garaipalash2002@gmail.com,Palash Garai
prahlad.mondal.20@aot.edu.in,Prahlad Mondal
prahlad.mondal.20@aot.edu.in,Prahlad Mondal
prateev1409@gmail.com,Prateev Bardhan
prateev1409@gmail.com,Prateev Bardhan
preyasi.datta@aot.edu.in,Preyasi Datta
pritamghosh002riju@gmail.com,Pritam Ghosh
pritha.mukherjee.20@aot.edu.in,Pritha Mukherjee
pritha.mukherjee.20@aot.edu.in,Pritha Mukherjee
prithwish.kundu.20@aot.edu.in,Prithwish Kundu
prithwish.kundu.20@aot.edu.in,Prithwish Kundu
priyanshuchatterjee01@gmail.com,Priyanshu Chatterjee
promit20112001@gmail.com,Promit Mondal
pubalimaiti18@gmail.com,Pubali Maiti
puja.jana@aot.edu.in,Puja Jana
pujak.pandit@aot.edu.in,Pujak Pandit
pujak.pandit@aot.edu.in,Pujak Pandit
punit.agarwala@aot.edu.in,Punit Agarwala
punit.agarwala@aot.edu.in,Punit Agarwala
rajarshidutta1234@gmail.com,Rajarshi Dutta
rakeshdeyrlo@gmail.com,Rakesh Dey
ranajit.biswas@aot.edu.in,Ranajit Biswas
ranajit.biswas@aot.edu.in,Ranajit Biswas
ranjan.giri@aot.edu.in,Ranjan Giri
ranjan.giri@aot.edu.in,Ranjan Giri
reek9064@gmail.com,Reek Kundu
reekkundu5494@gmail.com,REEK KUNDU
riddhibanerjee6@gmail.com,Riddhi Bandyopadhyay
rjrishabh14@gmail.com,Rishabh Kumar Jha
rishita.das@aot.edu.in,Rishita Das
rishita.das@aot.edu.in,Rishita Das
rohanx7687@gmail.com,Rohan Dhar
biswasrounik@gmail.com,Rounik Biswas
rounik.biswas@yahoo.com,Rounik Biswas
sagar.shaw@aot.edu.in,Sagar Shaw
sagar.shaw@aot.edu.in,Sagar Shaw
s912t1@gmail.com,Sarthak Bhattacharjee
satyaki.sur@aot.edu.in,Satyaki Sur
satyaki.sur@aot.edu.in,Satyaki Sur
sauhardya66@gmail.com,Sauhardya Dey
sauhardya66@gmail.com,Sauhardya Dey
csayan735@gmail.com,Sayan Chakraborty
duttasayan801@gmail.com,Sayan Dutta
duttaroy14sayan@gmail.com,Sayan Dutta Roy
sayan.maity@aot.edu.in,Sayan Maity
sayandeepmaji00@gmail.com,Sayandeep Maji
chakrabortysayani1604@gmail.com,Sayani Chakraborty
sayantanwiz007@gmail.com,Sayantan Chakrabarty
dg.bittu@gmail.com,Shaini Dasgupta
shuvodeep1.ghosh@aot.edu.in,Shuvodeep Ghosh
shuvodeep1.ghosh@aot.edu.in,Shuvodeep Ghosh
shuvradip.das@aot.edu.in,Shuvradip Das
singhsilky2212@gmail.com,Silky singh
aliasifali000000@gmail.com,Sk Asif Ali
sohamchakraborty114@gmail.com,Soham Chakraborty
sonali.mallick.20@aot.edu.in,Sonali Mallick
sonali.mallick.20@aot.edu.in,Sonali Mallick
ghoshsoumik932@gmail.com,Soumik Ghosh
soumik.goswami@aot.edu.in,Soumik Goswami
soumik.goswami@aot.edu.in,Soumik Goswami
deysourav602@gmail.com,Sourav Dey
sourik.pan@aot.edu.in,SOURIK PAN
souringhosh017@gmail.com,Sourin Ghosh
souvik1.pal@aot.edu.in,SOUVIK PAL
sahasouvik415@gmail.com,Souvik Saha
srabani.paul.20@aot.edu.in,Srabani Paul
srabani.paul.20@aot.edu.in,Srabani Paul
subhabrata.roy@aot.edu.in,Subhabrata Roy
subhakonar333@gmail.com,Subhadip konar
subhajyoti1.das@aot.edu.in,SUBHAJYOTI DAS
subhrojyoti12@gmail.com,SUBHRO JYOTI PAUL
sudinjana12@gmail.com,sudin jana
sunita.podder@aot.edu.in,Sunita Podder
babankundu353@gmail.com,Suraj kundu
tamajit.ghosh.20@aot.edu.in,TAMAJIT GHOSH
tamajit.ghosh.20@aot.edu.in,TAMAJIT GHOSH
tandra.saha.katwa@gmail.com,Tandrabati saha
tandrabati.saha@aot.edu.in,Tandrabati Saha
tapabrata.pal@aot.edu.in,Tapabrata Pal
tithi.ghosh@aot.edu.in,Tithi Ghosh
vedshruti.sarkar@aot.edu.in,Vedshruti Sarkar
vikash.rajpaswan@aot.edu.in,Vikash Raj Paswan
vikash.rajpaswan@aot.edu.in,Vikash Raj Paswan
vivek1.kumarsingh@aot.edu.in,Vivek Kumar Singh
vivek1.kumarsingh@aot.edu.in,Vivek Kumar Singh
paulkrishanu4@gmail.com,KRISHANU PAUL
arnab.chatterjee@aot.edu.in,Arnab Chatterjee
pranoygangitala@gmail.com,Gangitala Pranoy
pranoygangitala@gmail.com,Gangitala Pranoy
pallabiacharyya03@gmail.com,Pallabi Acharyya
pallabiacharyya03@gmail.com,Pallabi Acharyya
priyankakothari001@gmail.com,Priyanka Kothari
priyankakothari001@gmail.com,Priyanka Kothari
rakeshdeyprl@gmail.com,Rakesh Dey
raktim.mandal@aot.edu.in,RAKTIM MANDAL
trishita.sikdar.20@aot.edu.in,TRISHITA SIKDAR
trishita.sikdar.20@aot.edu.in,TRISHITA SIKDAR
priyaupe19@gmail.com,PRIYADARSHINI UPADHYAY
priyaupe19@gmail.com,PRIYADARSHINI UPADHYAY
sajilichakraborty2k02@gmail.com,Sajili Chakraborty
sajilichakraborty2k02@gmail.com,Sajili Chakraborty
adrish.saha@aot.edu.in,Adrish Saha
adrish.saha@aot.edu.in,Adrish Saha
vaitheeswarishunmugam@gmail.com,Vaitheeswari S
vaitheeswarishunmugam@gmail.com,Vaitheeswari S
meenarajaya@gmail.com,MEENA R
meenarajaya@gmail.com,MEENA R
meenarajaya@gmail.com,MEENA R
Abhik4442@gmail.com,Abhishek kumar
Abhik4442@gmail.com,Abhishek kumar
haldarsikta@gmail.com,Sikta Haldar
pdas9691@gmail.com,Pritam Das
pdas9691@gmail.com,Pritam Das
aaryansinha15@gmail.com,ARYAN SINHA
aaryansinha15@gmail.com,ARYAN SINHA
aditya.lpu26@gmail.com,ADITYA SINGH CHAUHAN
mansimansi539@gmail.com,Mansi Dutt K.S
mansimansi539@gmail.com,Mansi Dutt K.S
meghanaks0108@gmail.com,Meghana ks
meghanaks0108@gmail.com,Meghana ks
shivanicm2000@gmail.com,Shivani CM
shivanicm2000@gmail.com,Shivani CM
monikam6720@gmail.com,Monika M
monikam6720@gmail.com,Monika M
nannuarora347@gmail.com,Kritika Arora
kirtika432003@gmail.com,kritika kumari
ipsita466@gmail.com,Ipsita Singh
ipsita466@gmail.com,Ipsita Singh
moghalthousif25@gmail.com,Thousif Moghal
saikiriti111@gmail.com,Aradadi sai kiriti
saisandeepkathi2001@gmail.com,Kathi v v Staya Sai Manikanta Sandeep
akasapulalitha07@gmail.com,Lalitha
hrushithahoney123@gmail.com,MANEPALLI HRUSHITHA
oneofthe11001@gmail.com,Manikanta Raju
muniharish342@gmail.com,R.MUNIHARISH
yarlagaddasrividhya2766@gmail.com,Yarlagadda srividhya
yarramsettysatyana32@gmail.com,Yarramsetty siva satyanarayana
dantuluripujitha9@gmail.com,Dantuluri Pujitha
dantuluripujitha9@gmail.com,Dantuluri Pujitha
dantuluripujitha9@gmail.com,DANTULURI PUJITHA
dantuluripujitha9@gmail.com,DANTULURI PUJITHA
urstrulyminnu@gmail.com,DONTABHAKTUNI VINEETH CHANDRA VAMSI KUMAR
urstrulyminnu@gmail.com,DONTABHAKTUNI VINEETH CHANDRA VAMSI KUMAR
naziasajid55@gmail.com,Nazia Sajid
prabhatkumarrrtt@gmail.com,Prabhat kumar
pratikbaibhav@gmail.com,Pratik Baibhav
mansinagar44@gmail.com,Mansi Nagar
mansinagar44@gmail.com,Mansi Nagar
mohanasundarg2001@gmail.com,G.Mohana Sundar
monishisvm529@gmail.com,MONISH I
sowfiq12122000@gmail.com,Sowfiq s
vikranttirkey9@gmail.com,Vikrant Tirkey
mjoff18@gmail.com,Mohit Jain
rima300420@gmail.com,Rima chatterjee
rima300420@gmail.com,Rima chatterjee
pd994650@gmail.com,Payel Das
asthasinha1806@gmail.com,Astha
Jhashubhs1301@gmail.com,Shubham Jha
Jhashubhs1301@gmail.com,Shubham Jha
indhumathi1020@gmail.com,INDHUMATHI V
nishanth24122000@gmail.com,NISHANTH K
akalindira78669@gmail.com,AKALYA C
subhashalinisekar@gmail.com,SUBHASHALINI S
aju.anandh@gmail.com,Ajay Krishna A
ajin.antony30@gmail.com,Ajin A
arumugaraj.kr@outlook.com,ARUMUGARAJ K
arumugaraj.kr@outlook.com,ARUMUGARAJ K
deenadinesh110@gmail.com,Dineshnarasimman M
herenflora104@gmail.com,Heren Flora L
dazzlingbindu5050@gmail.com,Indumathi B
kbrundha07@gmail.com,K.Brundha
kaviyapriya2406@gmail.com,KAVIYA PRIYA S
manishapoongodi@gmail.com,M.Manisha
2002marirajk@gmail.com,Mariraj K
nasrinsyed18@gmail.com,NASRIN BANU S
ramya20002806@gmail.com,Ramya M
sweetysneha096@gmail.com,SNEHA D
sundarsp2000@gmail.com,Sundarapandi S
hemasornasankar@gmail.com,HEMASORNA S S
keerthanasvga2018@gmail.com,Keerthana. K
pvignesh358@gmail.com,P VIGNESH
gnroopa2810@gmail.com,ROOPA PRIYA G N
gnroopa2810@gmail.com,ROOPA PRIYA G N
gnroopa2810@gmail.com,ROOPA PRIYA G N
madhuswetha2k@gmail.com,MADHU SWETHA R
nandhunareys82003@gmail.com,Nagadevi M
agnussubi.antonymichael@gmail.com,AGNUS SUBI A
agnussubi.antonymichael@gmail.com,AGNUS SUBI A
selvib784@gmail.com,MARISELVI B
selvib784@gmail.com,MARISELVI B
selvib784@gmail.com,MARISELVI B
meenapriyadharshini02@gmail.com,MEENA PRIYADHARSHINI S R
vanajas03032001@gmail.com,Vanaja S
abika.a73@gmail.com,Abika.A
kkeerthika076@gmail.com,Keerthika k
manoj57ece@gmail.com,Manoj Kannan D
fabulousmanoj27@gmail.com,Manoj Kannan D
dhayalanm33518@gmail.com,Dhayalan M
dhayalanm33518@gmail.com,Dhayalan M
mnavitha2001@gmail.com,Navitha
navitha.mathiyalagan@outlook.com,Navitha.M
dhanyasrenarayanan@gmail.com,Dhanya sre N
gejalakshmikumar@gmail.com,K Gejalakshmi
mthamaraiselvi63@gmail.com,THAMARAISELVI. M
kaviyakd038@gmail.com,KAVIYA K
arthiram026@gmail.com,Artheeswari R
rpgkjr8760@gmail.com,G Rajeswari
umarfarooq42056@gmail.com,Umarfarooq
arpankhanal7777777@gmail.com,ARPAN KHANAL
rittiknew@gmail.com,RITTIK CHAKRABORTY
tasneemtp7445@gmail.com,Tasneem Raza
arpankhanal7777777@gmail.com,ARPAN KHANAL
Yashsai81@gmail.com,Yash Kumar Dwivedy
saikiruthi02@gmail.com,Sai kiruthiga
hrithikrainask003@gmail.com,T.hrithik rosshan
hrithikrainask003@gmail.com,T.hrithik rosshan
sarthak1998r@gmail.com,Sarthak rawat
sarthak1998r@gmail.com,Sarthak rawat
sarthak1998r@gmail.com,Sarthak rawat
sarthak1998r@gmail.com,Sarthak rawat
sarthak1998r@gmail.com,Sarthak rawat
sarthak1998r@gmail.com,Sarthak rawat
zicoamybwn@gmail.com,Amartya Konar
zicoamybwn@gmail.com,Amartya Konar
kayasthasurbhisinha@gmail.com,Surbhi sinha
kayasthasurbhisinha@gmail.com,Surbhi sinha
devanshmalik2000@gmail.com,Devansh Malik
devanshmalik2000@gmail.com,Devansh Malik
teddynagar19@gmail.com,Gaurav
teddynagar19@gmail.com,Gaurav
teddynagar19@gmail.com,Gaurav
teddynagar19@gmail.com,Gaurav
Gauravkhandelwal714@gmail.com,Gaurav Khandelwal
meghnabanerjee024@gmail.com,meghna banerjee
thesd2005@gmail.com,Sayan Das
khansumbul069@gmail.com,Sumbul Farooque
vedika8644@gmail.com,VEDIKA BHATT
vedika8644@gmail.com,VEDIKA BHATT
madhbilataroy34@gmail.com,Madhu
arpitsimons12@gmail.com,Arpit Simins
arpitsimons12@gmail.com,Arpit Simins
sabkiladliroma@gmail.com,Sweta Subudhi
dibyasahoo1998@gmail.com,Dibya Jyoti Sahoo
surbhi1713@gmail.com,SurbhiJA
surbhi1713@gmail.com,SurbhiJA
singhojesvi3101@gmail.com,Ojesvi singh
singhojesvi3101@gmail.com,Ojesvi singh
ayushman82pandey@gmail.com,Aman Ayushman
ayushman82pandey@gmail.com,Aman Ayushman
jaiswalgarvita8@gmail.com,Garvita Jaiswal
jaiswalgarvita8@gmail.com,Garvita Jaiswal
sunilgolada9518@gmail.com,Sunil Golada
sunilgolada9518@gmail.com,Sunil Golada
aparnanaugain54@gmail.com,Aparna Naugain
aparnanaugain54@gmail.com,Aparna Naugain
Sunilgolada9518@gmail.com,Sunil Golada
sneha.sajy@s.amity.edu,Sneha
nipun.singh@s.amity.edu,Nipun Pratap Singh
agarwallasanskriti@gmail.com,Sanskriti Agarwalla
zorrojeyachandran@gmail.com,Manik Zorro
7alirizvi@gmail.com,Ali Rizvi
abuzar.ali@s.amity.edu,ABUZAR ALI
abdullahkhan14338@gmail.com,abdullah khan
abdullahkhan14338@gmail.com,abdullah khan
adithya.rai@gmail.com,Adithya Maher
adithya.rai@gmail.com,Adithya Maher
adithya.rai@gmail.com,Adithya Maher
adithya.rai@gmail.com,Adithya Maher
writetoaditig@gmail.com,Aditi Gupta
shalusharma0812@gmail.com,Aditi Sharma
shalusharma0812@gmail.com,Aditi Sharma
akshayanand1014@gmail.com,Akshaya Anand
akshayanand1014@gmail.com,Akshaya Anand
alwinphilip0105@gmail.com,Alwin Philip
andresarnaldo019@gmail.com,Arghoya Mondal
ayushshrivastava600@gmail.com,Ayush Shrivastava
ayushshrivastava600@gmail.com,Ayush Shrivastava
bhupesh.chahalbsc@gmail.com,Bhupesh Chahal
bhupesh.chahalbsc@gmail.com,Bhupesh Chahal
devctk7200@gmail.com,Dev
devctk7200@gmail.com,Dev
devanshisachan18@gmail.com,Devanshi Sachan
devanshisachan18@gmail.com,Devanshi Sachan
ishachadha15@gmail.com,ISHA CHADHA
ishachadha15@gmail.com,ISHA CHADHA
ishachadha15@gmail.com,ISHA CHADHA
kanchankeshri975@gmail.com,Kanchan keshri
karanvirrajks@gmail.com,Karan vir raj
kratig03@gmail.com,Krati Gupta
kratig03@gmail.com,Krati Gupta
kratig03@gmail.com,Krati Gupta
kratig03@gmail.com,Krati Gupta
heyitskratig@gmail.com,Krati Gupta
MAHTABNAWAB2000@GMAIL.COM,MAHTAB ALAM
manasasharma90@gmail.com,Manasa Sharma
manasasharma90@gmail.com,Manasa Sharma
neha.ahamed17@gmail.com,Neha Ahamed
nikhilraj9431@gmail.com,Nikhil Raj
nikhilraj9431@gmail.com,Nikhil Raj
nikhilraj9431@gmail.com,Nikhil Raj
nikhilraj9431@gmail.com,Nikhil Raj
nc594402@gmail.com,Nikita Choudhary
nc594402@gmail.com,Nikita Choudhary
nc594402@gmail.com,Nikita Choudhary
nc594402@gmail.com,Nikita Choudhary
daspratyusha07@gmail.com,Pratyusha Das
Kittupriyanshi@gmail.com,Priyanshi srivastava
bhatiarakshita27@gmail.com,Rakshita Bhatia
bhatiarakshita27@gmail.com,Rakshita Bhatia
rishavsinha1333@gmail.com,Rishav
rishavsinha1333@gmail.com,Rishav
sameeha3112@gmail.com,Sameeha Anwar
sameeha3112@gmail.com,Sameeha Anwar
sameeha3112@gmail.com,Sameeha Anwar
sameeha3112@gmail.com,Sameeha Anwar
agarwalsanskriti42@gmail.com,Sanskriti Agarwal
agarwalsanskriti42@gmail.com,Sanskriti Agarwal
ssihag.ss@gmail.com,Shekhar Singh
shreyasinghjmt@gmail.com,Shreya Singh
shreyasinghjmt@gmail.com,Shreya Singh
nautiyalshrishti55@gmail.com,Shrishti Nautiyal
shubhamojha2009@gmail.com,Shubham ojha
shubhamojha2009@gmail.com,Shubham ojha
ojhashubham2009@gmail.com,Shubham ojha
ojhashubham2009@gmail.com,Shubham ojha
sukanyajinny16@gmail.com,Sukanya Singha Roy
utkarshanand0401@gmail.com,Utkarsh Anand
utkarshanand0401@gmail.com,Utkarsh Anand
yashsaksena01@gmail.com,Yash Saksena
a1234567899811735752@gmail.com,Aditya Kumar
a1234567899811735752@gmail.com,Aditya Kumar
ghosh.aliva89@gmail.com,Aliva
seshwananiket@gmail.com,Aniket
seshwananiket@gmail.com,Aniket
seshwananiket@gmail.com,Aniket
agorg1186@gmail.com,Anshu Gupta
arundhuteebhattacharya27@gmail.com,Arundhutee Bhattacharya
Ceacimoses98@gmail.com,Ceacilia
Ceacimoses98@gmail.com,Ceacilia
hiraa083@gmail.com,Hira Afzal
hiraa083@gmail.com,Hira Afzal
karnjayanti22@gmail.com,Jayanti
karnjayanti22@gmail.com,Jayanti
lintaranny123@gmail.com,Linta mariyam abraham
lintaranny123@gmail.com,Linta mariyam abraham
mahakpreet2002@gmail.com,Mahakpreet Kaur Virdi
mahakpreet2002@gmail.com,Mahakpreet Kaur Virdi
nk393040@gmail.com,Navneet Kumar
kumarnavneet0104@gmail.com,Navneet Kumar
nk393040@gmail.com,Navneet Kumar
kumarnavneet0104@gmail.com,Navneet Kumar
nikhilsuryewal@gmail.com,Nikhil Ranjan
prathammundra2002@gmail.com,Pratham mundra
nabilhero76@gmail.com,S M NABIL NEAZ
shreyasinghjmt@gmail.com,Shreya Singh
shreyasinghjmt@gmail.com,Shreya Singh
shubhangi091.ut@gmail.com,Shubhangi Shukla
tanishkasharma132001@gmail.com,TANISHKA SHARMA
unnati29vikram@gmail.com,Unnati vikram
unnati29vikram@gmail.com,Unnati vikram
goelvihaan11@gmail.com,Vihaan Goel
goelvihaan11@gmail.com,Vihaan Goel
zainabbano0512@gmail.com,Zainab bano
aditichakraborty0408@gmail.com,Aditi Chakraborty
aniruddhadas012@gmail.com,aniruddha das
ankitjsr981@gmail.com,Ankit Singh
arneshb25@gmail.com,Arnesh Barua
bidisha2000dutta@gmail.com,Bidisha Dutta
diptisinha1997@gmail.com,Dipti Sinha
Jaspalsingh1102@Gmail.com,Jaspal singh chouhan
mainakdasgupta23@gmail.com,Mainak Dasgupta
meg20.hero@gmail.com,Meghna Narjinary
NEHAJALAN2020@GMAIL.COM,NEHA JALAN
NEHAJALAN2020@GMAIL.COM,NEHA JALAN
NEHAJALAN2020@GMAIL.COM,NEHA JALAN
NEHAJALAN2020@GMAIL.COM,NEHA JALAN
nathnilanjana76@gmail.com,Nilanjana Nath
nuzhatrahman08@gmail.com,Nuzhat Rahman
pratyush.uchiha@gmail.com,Pratyush Sen
tigerstyleofficial@gmail.com,Sandeep Singh
avikghosh46@gmail.com,Avik Ghosh
superjet1214@gmail.com,Rishu Ghatak